freq_hz,angle_deg,spl_db
1500,-45,78.7934328294
1500,-42.5,79.3182220948
1500,-40,79.9164490636
1500,-37.5,80.5579136784
1500,-35,81.2056438875
1500,-32.5,81.8216560438
1500,-30,82.371598317
1500,-27.5,82.8276231282
1500,-25,83.1697472706
1500,-22.5,83.3863549731
1500,-20,83.4744556566
1500,-17.5,83.4400544133
1500,-15,83.2986667382
1500,-12.5,83.0756422377
1500,-10,82.8055914199
1500,-7.5,82.5300079172
1500,-5,82.2924775193
1500,-2.5,82.1318633561
1500,0,82.0751117823
1500,2.5,82.1318633561
1500,5,82.2924775193
1500,7.5,82.5300079172
1500,10,82.8055914199
1500,12.5,83.0756422377
1500,15,83.2986667382
1500,17.5,83.4400544133
1500,20,83.4744556566
1500,22.5,83.3863549731
1500,25,83.1697472706
1500,27.5,82.8276231282
1500,30,82.371598317
1500,32.5,81.8216560438
1500,35,81.2056438875
1500,37.5,80.5579136784
1500,40,79.9164490636
1500,42.5,79.3182220948
1500,45,78.7934328294
1575.31661946,-45,80.0049250301
1575.31661946,-42.5,80.4834767756
1575.31661946,-40,81.0458231069
1575.31661946,-37.5,81.6636854053
1575.31661946,-35,82.2997483154
1575.31661946,-32.5,82.9140202883
1575.31661946,-30,83.4689821431
1575.31661946,-27.5,83.9328772467
1575.31661946,-25,84.2814163382
1575.31661946,-22.5,84.4985564564
1575.31661946,-20,84.5770051387
1575.31661946,-17.5,84.5189112672
1575.31661946,-15,84.3369391594
1575.31661946,-12.5,84.0555696196
1575.31661946,-10,83.711964526
1575.31661946,-7.5,83.3550902493
1575.31661946,-5,83.0413588319
1575.31661946,-2.5,82.8256175454
1575.31661946,0,82.7486443674
1575.31661946,2.5,82.8256175454
1575.31661946,5,83.0413588319
1575.31661946,7.5,83.3550902493
1575.31661946,10,83.711964526
1575.31661946,12.5,84.0555696196
1575.31661946,15,84.3369391594
1575.31661946,17.5,84.5189112672
1575.31661946,20,84.5770051387
1575.31661946,22.5,84.4985564564
1575.31661946,25,84.2814163382
1575.31661946,27.5,83.9328772467
1575.31661946,30,83.4689821431
1575.31661946,32.5,82.9140202883
1575.31661946,35,82.2997483154
1575.31661946,37.5,81.6636854053
1575.31661946,40,81.0458231069
1575.31661946,42.5,80.4834767756
1575.31661946,45,80.0049250301
1654.41496769,-45,80.6610903429
1654.41496769,-42.5,81.0935267373
1654.41496769,-40,81.6180513063
1654.41496769,-37.5,82.2137893454
1654.41496769,-35,82.8474764878
1654.41496769,-32.5,83.4797077159
1654.41496769,-30,84.0707926201
1654.41496769,-27.5,84.5851362451
1654.41496769,-25,84.9939990139
1654.41496769,-22.5,85.2770471659
1654.41496769,-20,85.423285845
1654.41496769,-17.5,85.4318926881
1654.41496769,-15,85.3132366686
1654.41496769,-12.5,85.0899976307
1654.41496769,-10,84.7977733987
1654.41496769,-7.5,84.483929768
1654.41496769,-5,84.2030687315
1654.41496769,-2.5,84.0081171499
1654.41496769,0,83.9382805156
1654.41496769,2.5,84.0081171499
1654.41496769,5,84.2030687315
1654.41496769,7.5,84.483929768
1654.41496769,10,84.7977733987
1654.41496769,12.5,85.0899976307
1654.41496769,15,85.3132366686
1654.41496769,17.5,85.4318926881
1654.41496769,20,85.423285845
1654.41496769,22.5,85.2770471659
1654.41496769,25,84.9939990139
1654.41496769,27.5,84.5851362451
1654.41496769,30,84.0707926201
1654.41496769,32.5,83.4797077159
1654.41496769,35,82.8474764878
1654.41496769,37.5,82.2137893454
1654.41496769,40,81.6180513063
1654.41496769,42.5,81.0935267373
1654.41496769,45,80.6610903429
1737.48492938,-45,79.5453567435
1737.48492938,-42.5,79.8204720262
1737.48492938,-40,80.2513595563
1737.48492938,-37.5,80.8256158248
1737.48492938,-35,81.5088730701
1737.48492938,-32.5,82.2527928971
1737.48492938,-30,83.003699151
1737.48492938,-27.5,83.710274397
1737.48492938,-25,84.3293366435
1737.48492938,-22.5,84.829297344
1737.48492938,-20,85.1916763295
1737.48492938,-17.5,85.411471299
1737.48492938,-15,85.497016428
1737.48492938,-12.5,85.4694240088
1737.48492938,-10,85.3610974771
1737.48492938,-7.5,85.2124719907
1737.48492938,-5,85.0664667179
1737.48492938,-2.5,84.9612400023
1737.48492938,0,84.9230509133
1737.48492938,2.5,84.9612400023
1737.48492938,5,85.0664667179
1737.48492938,7.5,85.2124719907
1737.48492938,10,85.3610974771
1737.48492938,12.5,85.4694240088
1737.48492938,15,85.497016428
1737.48492938,17.5,85.411471299
1737.48492938,20,85.1916763295
1737.48492938,22.5,84.829297344
1737.48492938,25,84.3293366435
1737.48492938,27.5,83.710274397
1737.48492938,30,83.003699151
1737.48492938,32.5,82.2527928971
1737.48492938,35,81.5088730701
1737.48492938,37.5,80.8256158248
1737.48492938,40,80.2513595563
1737.48492938,42.5,79.8204720262
1737.48492938,45,79.5453567435
1824.72592354,-45,80.3238729195
1824.72592354,-42.5,80.7316383291
1824.72592354,-40,81.2336269531
1824.72592354,-37.5,81.8101783098
1824.72592354,-35,82.4358355532
1824.72592354,-32.5,83.0849816574
1824.72592354,-30,83.7322771485
1824.72592354,-27.5,84.3513318805
1824.72592354,-25,84.9150590848
1824.72592354,-22.5,85.3985410259
1824.72592354,-20,85.7830673127
1824.72592354,-17.5,86.0596144751
1824.72592354,-15,86.2307186539
1824.72592354,-12.5,86.3103272147
1824.72592354,-10,86.3214810807
1824.72592354,-7.5,86.2919934295
1824.72592354,-5,86.2490319121
1824.72592354,-2.5,86.2142903901
1824.72592354,0,86.2012179677
1824.72592354,2.5,86.2142903901
1824.72592354,5,86.2490319121
1824.72592354,7.5,86.2919934295
1824.72592354,10,86.3214810807
1824.72592354,12.5,86.3103272147
1824.72592354,15,86.2307186539
1824.72592354,17.5,86.0596144751
1824.72592354,20,85.7830673127
1824.72592354,22.5,85.3985410259
1824.72592354,25,84.9150590848
1824.72592354,27.5,84.3513318805
1824.72592354,30,83.7322771485
1824.72592354,32.5,83.0849816574
1824.72592354,35,82.4358355532
1824.72592354,37.5,81.8101783098
1824.72592354,40,81.2336269531
1824.72592354,42.5,80.7316383291
1824.72592354,45,80.3238729195
1916.3473822,-45,79.9247568283
1916.3473822,-42.5,80.5629570536
1916.3473822,-40,81.2457231513
1916.3473822,-37.5,81.9409333463
1916.3473822,-35,82.6211085668
1916.3473822,-32.5,83.2676390224
1916.3473822,-30,83.8692132834
1916.3473822,-27.5,84.417582687
1916.3473822,-25,84.9040278148
1916.3473822,-22.5,85.3185817812
1916.3473822,-20,85.6521309817
1916.3473822,-17.5,85.8999605844
1916.3473822,-15,86.0648066577
1916.3473822,-12.5,86.157879745
1916.3473822,-10,86.1971582927
1916.3473822,-7.5,86.2033353496
1916.3473822,-5,86.1950152691
1916.3473822,-2.5,86.1853627117
1916.3473822,0,86.1814441235
1916.3473822,2.5,86.1853627117
1916.3473822,5,86.1950152691
1916.3473822,7.5,86.2033353496
1916.3473822,10,86.1971582927
1916.3473822,12.5,86.157879745
1916.3473822,15,86.0648066577
1916.3473822,17.5,85.8999605844
1916.3473822,20,85.6521309817
1916.3473822,22.5,85.3185817812
1916.3473822,25,84.9040278148
1916.3473822,27.5,84.417582687
1916.3473822,30,83.8692132834
1916.3473822,32.5,83.2676390224
1916.3473822,35,82.6211085668
1916.3473822,37.5,81.9409333463
1916.3473822,40,81.2457231513
1916.3473822,42.5,80.5629570536
1916.3473822,45,79.9247568283
2012.56925322,-45,75.655629972
2012.56925322,-42.5,77.4488855388
2012.56925322,-40,79.2518776112
2012.56925322,-37.5,80.898168939
2012.56925322,-35,82.3182333865
2012.56925322,-32.5,83.5020351781
2012.56925322,-30,84.4695930795
2012.56925322,-27.5,85.254047366
2012.56925322,-25,85.8915859573
2012.56925322,-22.5,86.4148133799
2012.56925322,-20,86.8490033219
2012.56925322,-17.5,87.2115681514
2012.56925322,-15,87.5140747264
2012.56925322,-12.5,87.7648029486
2012.56925322,-10,87.9698968933
2012.56925322,-7.5,88.1327811176
2012.56925322,-5,88.253282774
2012.56925322,-2.5,88.3282120583
2012.56925322,0,88.3537481072
2012.56925322,2.5,88.3282120583
2012.56925322,5,88.253282774
2012.56925322,7.5,88.1327811176
2012.56925322,10,87.9698968933
2012.56925322,12.5,87.7648029486
2012.56925322,15,87.5140747264
2012.56925322,17.5,87.2115681514
2012.56925322,20,86.8490033219
2012.56925322,22.5,86.4148133799
2012.56925322,25,85.8915859573
2012.56925322,27.5,85.254047366
2012.56925322,30,84.4695930795
2012.56925322,32.5,83.5020351781
2012.56925322,35,82.3182333865
2012.56925322,37.5,80.898168939
2012.56925322,40,79.2518776112
2012.56925322,42.5,77.4488855388
2012.56925322,45,75.655629972
2113.62252827,-45,82.034868442
2113.62252827,-42.5,82.4965066611
2113.62252827,-40,83.0071978679
2113.62252827,-37.5,83.5437157614
2113.62252827,-35,84.0823943955
2113.62252827,-32.5,84.6064676638
2113.62252827,-30,85.1077876287
2113.62252827,-27.5,85.5836786895
2113.62252827,-25,86.0319017524
2113.62252827,-22.5,86.4471675303
2113.62252827,-20,86.8212327269
2113.62252827,-17.5,87.1460371165
2113.62252827,-15,87.4173814252
2113.62252827,-12.5,87.6365901372
2113.62252827,-10,87.8091349782
2113.62252827,-7.5,87.9411768693
2113.62252827,-5,88.0363156467
2113.62252827,-2.5,88.0946418088
2113.62252827,0,88.1144119514
2113.62252827,2.5,88.0946418088
2113.62252827,5,88.0363156467
2113.62252827,7.5,87.9411768693
2113.62252827,10,87.8091349782
2113.62252827,12.5,87.6365901372
2113.62252827,15,87.4173814252
2113.62252827,17.5,87.1460371165
2113.62252827,20,86.8212327269
2113.62252827,22.5,86.4471675303
2113.62252827,25,86.0319017524
2113.62252827,27.5,85.5836786895
2113.62252827,30,85.1077876287
2113.62252827,32.5,84.6064676638
2113.62252827,35,84.0823943955
2113.62252827,37.5,83.5437157614
2113.62252827,40,83.0071978679
2113.62252827,42.5,82.4965066611
2113.62252827,45,82.034868442
2219.74979736,-45,80.8718961185
2219.74979736,-42.5,81.8122174387
2219.74979736,-40,82.8289624676
2219.74979736,-37.5,83.8254732926
2219.74979736,-35,84.7283269281
2219.74979736,-32.5,85.4945306847
2219.74979736,-30,86.1092490624
2219.74979736,-27.5,86.5801309566
2219.74979736,-25,86.9304214243
2219.74979736,-22.5,87.1912382692
2219.74979736,-20,87.3939001567
2219.74979736,-17.5,87.5643024723
2219.74979736,-15,87.7207769088
2219.74979736,-12.5,87.8743062332
2219.74979736,-10,88.0283169671
2219.74979736,-7.5,88.1771813543
2219.74979736,-5,88.3060416873
2219.74979736,-2.5,88.3949669986
2219.74979736,0,88.4268497583
2219.74979736,2.5,88.3949669986
2219.74979736,5,88.3060416873
2219.74979736,7.5,88.1771813543
2219.74979736,10,88.0283169671
2219.74979736,12.5,87.8743062332
2219.74979736,15,87.7207769088
2219.74979736,17.5,87.5643024723
2219.74979736,20,87.3939001567
2219.74979736,22.5,87.1912382692
2219.74979736,25,86.9304214243
2219.74979736,27.5,86.5801309566
2219.74979736,30,86.1092490624
2219.74979736,32.5,85.4945306847
2219.74979736,35,84.7283269281
2219.74979736,37.5,83.8254732926
2219.74979736,40,82.8289624676
2219.74979736,42.5,81.8122174387
2219.74979736,45,80.8718961185
2331.2058312,-45,81.2685571294
2331.2058312,-42.5,82.1432539024
2331.2058312,-40,83.1228351637
2331.2058312,-37.5,84.115947075
2331.2058312,-35,85.0440217571
2331.2058312,-32.5,85.8515891966
2331.2058312,-30,86.5083373625
2331.2058312,-27.5,87.0075510907
2331.2058312,-25,87.362984256
2331.2058312,-22.5,87.604450645
2331.2058312,-20,87.7718310615
2331.2058312,-17.5,87.907565331
2331.2058312,-15,88.0483812741
2331.2058312,-12.5,88.2173612222
2331.2058312,-10,88.4178860417
2331.2058312,-7.5,88.6320781649
2331.2058312,-5,88.8262317687
2331.2058312,-2.5,88.9623891656
2331.2058312,0,89.0113899765
2331.2058312,2.5,88.9623891656
2331.2058312,5,88.8262317687
2331.2058312,7.5,88.6320781649
2331.2058312,10,88.4178860417
2331.2058312,12.5,88.2173612222
2331.2058312,15,88.0483812741
2331.2058312,17.5,87.907565331
2331.2058312,20,87.7718310615
2331.2058312,22.5,87.604450645
2331.2058312,25,87.362984256
2331.2058312,27.5,87.0075510907
2331.2058312,30,86.5083373625
2331.2058312,32.5,85.8515891966
2331.2058312,35,85.0440217571
2331.2058312,37.5,84.115947075
2331.2058312,40,83.1228351637
2331.2058312,42.5,82.1432539024
2331.2058312,45,81.2685571294
2448.25819284,-45,80.1415122932
2448.25819284,-42.5,81.0757635327
2448.25819284,-40,82.2221240527
2448.25819284,-37.5,83.4465538959
2448.25819284,-35,84.6268893974
2448.25819284,-32.5,85.6698828287
2448.25819284,-30,86.5153088276
2448.25819284,-27.5,87.1349908511
2448.25819284,-25,87.5301794928
2448.25819284,-22.5,87.7285660179
2448.25819284,-20,87.7803170716
2448.25819284,-17.5,87.7510330413
2448.25819284,-15,87.7096027544
2448.25819284,-12.5,87.7115369061
2448.25819284,-10,87.7828990523
2448.25819284,-7.5,87.9130682922
2448.25819284,-5,88.0618976671
2448.25819284,-2.5,88.1785264206
2448.25819284,0,88.2224726184
2448.25819284,2.5,88.1785264206
2448.25819284,5,88.0618976671
2448.25819284,7.5,87.9130682922
2448.25819284,10,87.7828990523
2448.25819284,12.5,87.7115369061
2448.25819284,15,87.7096027544
2448.25819284,17.5,87.7510330413
2448.25819284,20,87.7803170716
2448.25819284,22.5,87.7285660179
2448.25819284,25,87.5301794928
2448.25819284,27.5,87.1349908511
2448.25819284,30,86.5153088276
2448.25819284,32.5,85.6698828287
2448.25819284,35,84.6268893974
2448.25819284,37.5,83.4465538959
2448.25819284,40,82.2221240527
2448.25819284,42.5,81.0757635327
2448.25819284,45,80.1415122932
2571.18787994,-45,80.8185735251
2571.18787994,-42.5,82.0134363261
2571.18787994,-40,83.1564569879
2571.18787994,-37.5,84.1860926238
2571.18787994,-35,85.0612119977
2571.18787994,-32.5,85.7607979481
2571.18787994,-30,86.2819648178
2571.18787994,-27.5,86.63818682
2571.18787994,-25,86.8577922941
2571.18787994,-22.5,86.9816735738
2571.18787994,-20,87.0587159448
2571.18787994,-17.5,87.1378836693
2571.18787994,-15,87.2575498232
2571.18787994,-12.5,87.4351742341
2571.18787994,-10,87.662107985
2571.18787994,-7.5,87.9068993704
2571.18787994,-5,88.1260672174
2571.18787994,-2.5,88.277485537
2571.18787994,0,88.3314885601
2571.18787994,2.5,88.277485537
2571.18787994,5,88.1260672174
2571.18787994,7.5,87.9068993704
2571.18787994,10,87.662107985
2571.18787994,12.5,87.4351742341
2571.18787994,15,87.2575498232
2571.18787994,17.5,87.1378836693
2571.18787994,20,87.0587159448
2571.18787994,22.5,86.9816735738
2571.18787994,25,86.8577922941
2571.18787994,27.5,86.63818682
2571.18787994,30,86.2819648178
2571.18787994,32.5,85.7607979481
2571.18787994,35,85.0612119977
2571.18787994,37.5,84.1860926238
2571.18787994,40,83.1564569879
2571.18787994,42.5,82.0134363261
2571.18787994,45,80.8185735251
2700.28999934,-45,80.0963980748
2700.28999934,-42.5,80.8103102831
2700.28999934,-40,81.7556660498
2700.28999934,-37.5,82.8407805409
2700.28999934,-35,83.9596326204
2700.28999934,-32.5,85.0042960864
2700.28999934,-30,85.8825824958
2700.28999934,-27.5,86.5355394202
2700.28999934,-25,86.9470157752
2700.28999934,-22.5,87.1461996824
2700.28999934,-20,87.2049855592
2700.28999934,-17.5,87.2264245519
2700.28999934,-15,87.3175624702
2700.28999934,-12.5,87.5490102954
2700.28999934,-10,87.9224419568
2700.28999934,-7.5,88.3711297954
2700.28999934,-5,88.7928880567
2700.28999934,-2.5,89.0901571856
2700.28999934,0,89.1968894489
2700.28999934,2.5,89.0901571856
2700.28999934,5,88.7928880567
2700.28999934,7.5,88.3711297954
2700.28999934,10,87.9224419568
2700.28999934,12.5,87.5490102954
2700.28999934,15,87.3175624702
2700.28999934,17.5,87.2264245519
2700.28999934,20,87.2049855592
2700.28999934,22.5,87.1461996824
2700.28999934,25,86.9470157752
2700.28999934,27.5,86.5355394202
2700.28999934,30,85.8825824958
2700.28999934,32.5,85.0042960864
2700.28999934,35,83.9596326204
2700.28999934,37.5,82.8407805409
2700.28999934,40,81.7556660498
2700.28999934,42.5,80.8103102831
2700.28999934,45,80.0963980748
2835.87447554,-45,82.0530957055
2835.87447554,-42.5,83.3481992344
2835.87447554,-40,84.5664390514
2835.87447554,-37.5,85.6233247595
2835.87447554,-35,86.4701278534
2835.87447554,-32.5,87.0850871541
2835.87447554,-30,87.4653141836
2835.87447554,-27.5,87.6238540516
2835.87447554,-25,87.5933333041
2835.87447554,-22.5,87.4338862651
2835.87447554,-20,87.2366465255
2835.87447554,-17.5,87.1083206969
2835.87447554,-15,87.1316422839
2835.87447554,-12.5,87.3271456187
2835.87447554,-10,87.6515138987
2835.87447554,-7.5,88.0270381101
2835.87447554,-5,88.3703228569
2835.87447554,-2.5,88.6092871108
2835.87447554,0,88.6947793897
2835.87447554,2.5,88.6092871108
2835.87447554,5,88.3703228569
2835.87447554,7.5,88.0270381101
2835.87447554,10,87.6515138987
2835.87447554,12.5,87.3271456187
2835.87447554,15,87.1316422839
2835.87447554,17.5,87.1083206969
2835.87447554,20,87.2366465255
2835.87447554,22.5,87.4338862651
2835.87447554,25,87.5933333041
2835.87447554,27.5,87.6238540516
2835.87447554,30,87.4653141836
2835.87447554,32.5,87.0850871541
2835.87447554,35,86.4701278534
2835.87447554,37.5,85.6233247595
2835.87447554,40,84.5664390514
2835.87447554,42.5,83.3481992344
2835.87447554,45,82.0530957055
2978.26679467,-45,80.5209307501
2978.26679467,-42.5,82.1491001617
2978.26679467,-40,83.6119496577
2978.26679467,-37.5,84.7713388569
2978.26679467,-35,85.5915630802
2978.26679467,-32.5,86.1096958063
2978.26679467,-30,86.408222377
2978.26679467,-27.5,86.5853701326
2978.26679467,-25,86.726336389
2978.26679467,-22.5,86.8912147333
2978.26679467,-20,87.119757487
2978.26679467,-17.5,87.4286412591
2978.26679467,-15,87.797170141
2978.26679467,-12.5,88.1722896574
2978.26679467,-10,88.5010618549
2978.26679467,-7.5,88.7571675042
2978.26679467,-5,88.9385038346
2978.26679467,-2.5,89.0485465348
2978.26679467,0,89.0859079636
2978.26679467,2.5,89.0485465348
2978.26679467,5,88.9385038346
2978.26679467,7.5,88.7571675042
2978.26679467,10,88.5010618549
2978.26679467,12.5,88.1722896574
2978.26679467,15,87.797170141
2978.26679467,17.5,87.4286412591
2978.26679467,20,87.119757487
2978.26679467,22.5,86.8912147333
2978.26679467,25,86.726336389
2978.26679467,27.5,86.5853701326
2978.26679467,30,86.408222377
2978.26679467,32.5,86.1096958063
2978.26679467,35,85.5915630802
2978.26679467,37.5,84.7713388569
2978.26679467,40,83.6119496577
2978.26679467,42.5,82.1491001617
2978.26679467,45,80.5209307501
3127.80878587,-45,81.3075867313
3127.80878587,-42.5,82.3898932247
3127.80878587,-40,83.3593302973
3127.80878587,-37.5,84.1236372053
3127.80878587,-35,84.6513818813
3127.80878587,-32.5,84.9690119416
3127.80878587,-30,85.1509588398
3127.80878587,-27.5,85.3016619771
3127.80878587,-25,85.5289060375
3127.80878587,-22.5,85.9105344537
3127.80878587,-20,86.4596763792
3127.80878587,-17.5,87.1106640739
3127.80878587,-15,87.7511124155
3127.80878587,-12.5,88.2806524698
3127.80878587,-10,88.6507064224
3127.80878587,-7.5,88.8684954935
3127.80878587,-5,88.9758069465
3127.80878587,-2.5,89.01951296
3127.80878587,0,89.0307291093
3127.80878587,2.5,89.01951296
3127.80878587,5,88.9758069465
3127.80878587,7.5,88.8684954935
3127.80878587,10,88.6507064224
3127.80878587,12.5,88.2806524698
3127.80878587,15,87.7511124155
3127.80878587,17.5,87.1106640739
3127.80878587,20,86.4596763792
3127.80878587,22.5,85.9105344537
3127.80878587,25,85.5289060375
3127.80878587,27.5,85.3016619771
3127.80878587,30,85.1509588398
3127.80878587,32.5,84.9690119416
3127.80878587,35,84.6513818813
3127.80878587,37.5,84.1236372053
3127.80878587,40,83.3593302973
3127.80878587,42.5,82.3898932247
3127.80878587,45,81.3075867313
3284.85944191,-45,79.7238671764
3284.85944191,-42.5,81.2589497974
3284.85944191,-40,82.9164836566
3284.85944191,-37.5,84.4068728467
3284.85944191,-35,85.5423952292
3284.85944191,-32.5,86.2443102521
3284.85944191,-30,86.5374878895
3284.85944191,-27.5,86.546380646
3284.85944191,-25,86.4832920572
3284.85944191,-22.5,86.5899396606
3284.85944191,-20,87.014997263
3284.85944191,-17.5,87.7164775232
3284.85944191,-15,88.5048506471
3284.85944191,-12.5,89.1769004182
3284.85944191,-10,89.610321186
3284.85944191,-7.5,89.7870808347
3284.85944191,-5,89.7765647866
3284.85944191,-2.5,89.6962553753
3284.85944191,0,89.6547916649
3284.85944191,2.5,89.6962553753
3284.85944191,5,89.7765647866
3284.85944191,7.5,89.7870808347
3284.85944191,10,89.610321186
3284.85944191,12.5,89.1769004182
3284.85944191,15,88.5048506471
3284.85944191,17.5,87.7164775232
3284.85944191,20,87.014997263
3284.85944191,22.5,86.5899396606
3284.85944191,25,86.4832920572
3284.85944191,27.5,86.546380646
3284.85944191,30,86.5374878895
3284.85944191,32.5,86.2443102521
3284.85944191,35,85.5423952292
3284.85944191,37.5,84.4068728467
3284.85944191,40,82.9164836566
3284.85944191,42.5,81.2589497974
3284.85944191,45,79.7238671764
3449.79578094,-45,82.4561464059
3449.79578094,-42.5,83.3067265978
3449.79578094,-40,84.093870115
3449.79578094,-37.5,84.8347311857
3449.79578094,-35,85.5212175378
3449.79578094,-32.5,86.0971876124
3449.79578094,-30,86.518873931
3449.79578094,-27.5,86.8252374945
3449.79578094,-25,87.1450079887
3449.79578094,-22.5,87.6151689719
3449.79578094,-20,88.2686057818
3449.79578094,-17.5,89.0137784477
3449.79578094,-15,89.7133282411
3449.79578094,-12.5,90.256725265
3449.79578094,-10,90.5885593512
3449.79578094,-7.5,90.7142036428
3449.79578094,-5,90.6942316008
3449.79578094,-2.5,90.6227640898
3449.79578094,0,90.5870242804
3449.79578094,2.5,90.6227640898
3449.79578094,5,90.6942316008
3449.79578094,7.5,90.7142036428
3449.79578094,10,90.5885593512
3449.79578094,12.5,90.256725265
3449.79578094,15,89.7133282411
3449.79578094,17.5,89.0137784477
3449.79578094,20,88.2686057818
3449.79578094,22.5,87.6151689719
3449.79578094,25,87.1450079887
3449.79578094,27.5,86.8252374945
3449.79578094,30,86.518873931
3449.79578094,32.5,86.0971876124
3449.79578094,35,85.5212175378
3449.79578094,37.5,84.8347311857
3449.79578094,40,84.093870115
3449.79578094,42.5,83.3067265978
3449.79578094,45,82.4561464059
3623.01375163,-45,83.3047868544
3623.01375163,-42.5,84.2633793076
3623.01375163,-40,85.2474645182
3623.01375163,-37.5,85.8877908769
3623.01375163,-35,86.0528464662
3623.01375163,-32.5,85.8202264296
3623.01375163,-30,85.4324212604
3623.01375163,-27.5,85.2270282937
3623.01375163,-25,85.4644687015
3623.01375163,-22.5,86.1479582234
3623.01375163,-20,87.0602262127
3623.01375163,-17.5,87.9662596889
3623.01375163,-15,88.7440859885
3623.01375163,-12.5,89.3866039643
3623.01375163,-10,89.9426782082
3623.01375163,-7.5,90.4507042869
3623.01375163,-5,90.8956829318
3623.01375163,-2.5,91.212135743
3623.01375163,0,91.3278312843
3623.01375163,2.5,91.212135743
3623.01375163,5,90.8956829318
3623.01375163,7.5,90.4507042869
3623.01375163,10,89.9426782082
3623.01375163,12.5,89.3866039643
3623.01375163,15,88.7440859885
3623.01375163,17.5,87.9662596889
3623.01375163,20,87.0602262127
3623.01375163,22.5,86.1479582234
3623.01375163,25,85.4644687015
3623.01375163,27.5,85.2270282937
3623.01375163,30,85.4324212604
3623.01375163,32.5,85.8202264296
3623.01375163,35,86.0528464662
3623.01375163,37.5,85.8877908769
3623.01375163,40,85.2474645182
3623.01375163,42.5,84.2633793076
3623.01375163,45,83.3047868544
3804.92918364,-45,83.1520094647
3804.92918364,-42.5,83.5131369671
3804.92918364,-40,83.8662435526
3804.92918364,-37.5,84.2238220831
3804.92918364,-35,84.6442556283
3804.92918364,-32.5,85.1693249195
3804.92918364,-30,85.791834738
3804.92918364,-27.5,86.4913466294
3804.92918364,-25,87.2574679777
3804.92918364,-22.5,88.0668762249
3804.92918364,-20,88.8701783296
3804.92918364,-17.5,89.6109453416
3804.92918364,-15,90.243728321
3804.92918364,-12.5,90.73772056
3804.92918364,-10,91.0796305196
3804.92918364,-7.5,91.2796868436
3804.92918364,-5,91.371589718
3804.92918364,-2.5,91.4007778042
3804.92918364,0,91.4055562699
3804.92918364,2.5,91.4007778042
3804.92918364,5,91.371589718
3804.92918364,7.5,91.2796868436
3804.92918364,10,91.0796305196
3804.92918364,12.5,90.73772056
3804.92918364,15,90.243728321
3804.92918364,17.5,89.6109453416
3804.92918364,20,88.8701783296
3804.92918364,22.5,88.0668762249
3804.92918364,25,87.2574679777
3804.92918364,27.5,86.4913466294
3804.92918364,30,85.791834738
3804.92918364,32.5,85.1693249195
3804.92918364,35,84.6442556283
3804.92918364,37.5,84.2238220831
3804.92918364,40,83.8662435526
3804.92918364,42.5,83.5131369671
3804.92918364,45,83.1520094647
3995.97878589,-45,83.3850232102
3995.97878589,-42.5,83.5138241187
3995.97878589,-40,83.3671756783
3995.97878589,-37.5,83.3107643832
3995.97878589,-35,83.6450663962
3995.97878589,-32.5,84.4073141222
3995.97878589,-30,85.5039264331
3995.97878589,-27.5,86.8046824571
3995.97878589,-25,88.1207040281
3995.97878589,-22.5,89.2857980247
3995.97878589,-20,90.2230507196
3995.97878589,-17.5,90.9182576454
3995.97878589,-15,91.3827101752
3995.97878589,-12.5,91.6500181639
3995.97878589,-10,91.7791073696
3995.97878589,-7.5,91.8357395214
3995.97878589,-5,91.8655299718
3995.97878589,-2.5,91.8848292631
3995.97878589,0,91.8922154402
3995.97878589,2.5,91.8848292631
3995.97878589,5,91.8655299718
3995.97878589,7.5,91.8357395214
3995.97878589,10,91.7791073696
3995.97878589,12.5,91.6500181639
3995.97878589,15,91.3827101752
3995.97878589,17.5,90.9182576454
3995.97878589,20,90.2230507196
3995.97878589,22.5,89.2857980247
3995.97878589,25,88.1207040281
3995.97878589,27.5,86.8046824571
3995.97878589,30,85.5039264331
3995.97878589,32.5,84.4073141222
3995.97878589,35,83.6450663962
3995.97878589,37.5,83.3107643832
3995.97878589,40,83.3671756783
3995.97878589,42.5,83.5138241187
3995.97878589,45,83.3850232102
4196.62119493,-45,82.5200305604
4196.62119493,-42.5,83.7502572677
4196.62119493,-40,84.7558029214
4196.62119493,-37.5,85.4671757254
4196.62119493,-35,85.9668389228
4196.62119493,-32.5,86.4414213119
4196.62119493,-30,87.0780971292
4196.62119493,-27.5,87.9380961731
4196.62119493,-25,88.9194233079
4196.62119493,-22.5,89.8488132162
4196.62119493,-20,90.5973960485
4196.62119493,-17.5,91.1293410987
4196.62119493,-15,91.4878113826
4196.62119493,-12.5,91.7537946454
4196.62119493,-10,92.0009836955
4196.62119493,-7.5,92.2604648985
4196.62119493,-5,92.5100434257
4196.62119493,-2.5,92.6948499723
4196.62119493,0,92.7632623435
4196.62119493,2.5,92.6948499723
4196.62119493,5,92.5100434257
4196.62119493,7.5,92.2604648985
4196.62119493,10,92.0009836955
4196.62119493,12.5,91.7537946454
4196.62119493,15,91.4878113826
4196.62119493,17.5,91.1293410987
4196.62119493,20,90.5973960485
4196.62119493,22.5,89.8488132162
4196.62119493,25,88.9194233079
4196.62119493,27.5,87.9380961731
4196.62119493,30,87.0780971292
4196.62119493,32.5,86.4414213119
4196.62119493,35,85.9668389228
4196.62119493,37.5,85.4671757254
4196.62119493,40,84.7558029214
4196.62119493,42.5,83.7502572677
4196.62119493,45,82.5200305604
4407.33807596,-45,84.5206559243
4407.33807596,-42.5,85.7919150408
4407.33807596,-40,86.3594328534
4407.33807596,-37.5,86.4380132078
4407.33807596,-35,86.3720026073
4407.33807596,-32.5,86.4491073713
4407.33807596,-30,86.8096843351
4407.33807596,-27.5,87.4845343204
4407.33807596,-25,88.3846910585
4407.33807596,-22.5,89.373792498
4407.33807596,-20,90.3696644685
4407.33807596,-17.5,91.3062428267
4407.33807596,-15,92.1025377523
4407.33807596,-12.5,92.7178829771
4407.33807596,-10,93.1811462168
4407.33807596,-7.5,93.5485450977
4407.33807596,-5,93.8460580037
4407.33807596,-2.5,94.0524552015
4407.33807596,0,94.1276438907
4407.33807596,2.5,94.0524552015
4407.33807596,5,93.8460580037
4407.33807596,7.5,93.5485450977
4407.33807596,10,93.1811462168
4407.33807596,12.5,92.7178829771
4407.33807596,15,92.1025377523
4407.33807596,17.5,91.3062428267
4407.33807596,20,90.3696644685
4407.33807596,22.5,89.373792498
4407.33807596,25,88.3846910585
4407.33807596,27.5,87.4845343204
4407.33807596,30,86.8096843351
4407.33807596,32.5,86.4491073713
4407.33807596,35,86.3720026073
4407.33807596,37.5,86.4380132078
4407.33807596,40,86.3594328534
4407.33807596,42.5,85.7919150408
4407.33807596,45,84.5206559243
4628.63527907,-45,81.8418574339
4628.63527907,-42.5,86.3501734363
4628.63527907,-40,88.9395386995
4628.63527907,-37.5,90.0256229117
4628.63527907,-35,90.0137014945
4628.63527907,-32.5,89.4343889374
4628.63527907,-30,88.9383600591
4628.63527907,-27.5,88.8989923136
4628.63527907,-25,89.2064497149
4628.63527907,-22.5,89.642024869
4628.63527907,-20,90.1187670821
4628.63527907,-17.5,90.6715514234
4628.63527907,-15,91.4051661193
4628.63527907,-12.5,92.3419965627
4628.63527907,-10,93.2728144049
4628.63527907,-7.5,93.9498724602
4628.63527907,-5,94.3422144866
4628.63527907,-2.5,94.560284192
4628.63527907,0,94.6400620745
4628.63527907,2.5,94.560284192
4628.63527907,5,94.3422144866
4628.63527907,7.5,93.9498724602
4628.63527907,10,93.2728144049
4628.63527907,12.5,92.3419965627
4628.63527907,15,91.4051661193
4628.63527907,17.5,90.6715514234
4628.63527907,20,90.1187670821
4628.63527907,22.5,89.642024869
4628.63527907,25,89.2064497149
4628.63527907,27.5,88.8989923136
4628.63527907,30,88.9383600591
4628.63527907,32.5,89.4343889374
4628.63527907,35,90.0137014945
4628.63527907,37.5,90.0256229117
4628.63527907,40,88.9395386995
4628.63527907,42.5,86.3501734363
4628.63527907,45,81.8418574339
4861.04405368,-45,88.9316217208
4861.04405368,-42.5,89.0892450161
4861.04405368,-40,88.7914470878
4861.04405368,-37.5,88.4835970375
4861.04405368,-35,88.1246591893
4861.04405368,-32.5,87.6536018873
4861.04405368,-30,87.5215846374
4861.04405368,-27.5,88.2080298522
4861.04405368,-25,89.6664531367
4861.04405368,-22.5,91.3566611337
4861.04405368,-20,92.7162434889
4861.04405368,-17.5,93.5818983622
4861.04405368,-15,94.1178129841
4861.04405368,-12.5,94.558949356
4861.04405368,-10,94.9741055108
4861.04405368,-7.5,95.2308352466
4861.04405368,-5,95.2228770368
4861.04405368,-2.5,95.0542241274
4861.04405368,0,94.9578799547
4861.04405368,2.5,95.0542241274
4861.04405368,5,95.2228770368
4861.04405368,7.5,95.2308352466
4861.04405368,10,94.9741055108
4861.04405368,12.5,94.558949356
4861.04405368,15,94.1178129841
4861.04405368,17.5,93.5818983622
4861.04405368,20,92.7162434889
4861.04405368,22.5,91.3566611337
4861.04405368,25,89.6664531367
4861.04405368,27.5,88.2080298522
4861.04405368,30,87.5215846374
4861.04405368,32.5,87.6536018873
4861.04405368,35,88.1246591893
4861.04405368,37.5,88.4835970375
4861.04405368,40,88.7914470878
4861.04405368,42.5,89.0892450161
4861.04405368,45,88.9316217208
5105.12232378,-45,84.65153787
5105.12232378,-42.5,83.6728421373
5105.12232378,-40,84.3670465692
5105.12232378,-37.5,87.3550757763
5105.12232378,-35,89.1811936546
5105.12232378,-32.5,89.524685598
5105.12232378,-30,89.3563367449
5105.12232378,-27.5,89.6683508737
5105.12232378,-25,90.6447569854
5105.12232378,-22.5,92.1246106082
5105.12232378,-20,93.6461537049
5105.12232378,-17.5,94.7470805172
5105.12232378,-15,95.3941570919
5105.12232378,-12.5,95.7902624691
5105.12232378,-10,96.0192404624
5105.12232378,-7.5,95.9911988933
5105.12232378,-5,95.6897500544
5105.12232378,-2.5,95.3171399972
5105.12232378,0,95.1525192724
5105.12232378,2.5,95.3171399972
5105.12232378,5,95.6897500544
5105.12232378,7.5,95.9911988933
5105.12232378,10,96.0192404624
5105.12232378,12.5,95.7902624691
5105.12232378,15,95.3941570919
5105.12232378,17.5,94.7470805172
5105.12232378,20,93.6461537049
5105.12232378,22.5,92.1246106082
5105.12232378,25,90.6447569854
5105.12232378,27.5,89.6683508737
5105.12232378,30,89.3563367449
5105.12232378,32.5,89.524685598
5105.12232378,35,89.1811936546
5105.12232378,37.5,87.3550757763
5105.12232378,40,84.3670465692
5105.12232378,42.5,83.6728421373
5105.12232378,45,84.65153787
5361.45602733,-45,84.8854720163
5361.45602733,-42.5,86.0228016518
5361.45602733,-40,86.500167295
5361.45602733,-37.5,86.9613876889
5361.45602733,-35,87.9004440359
5361.45602733,-32.5,89.0694853904
5361.45602733,-30,90.1776954061
5361.45602733,-27.5,91.0763015762
5361.45602733,-25,91.6767335386
5361.45602733,-22.5,92.1063963354
5361.45602733,-20,92.6031253104
5361.45602733,-17.5,93.2327818723
5361.45602733,-15,93.9053778475
5361.45602733,-12.5,94.5454453648
5361.45602733,-10,95.1474759568
5361.45602733,-7.5,95.7261164995
5361.45602733,-5,96.2471894285
5361.45602733,-2.5,96.6248409825
5361.45602733,0,96.7649276848
5361.45602733,2.5,96.6248409825
5361.45602733,5,96.2471894285
5361.45602733,7.5,95.7261164995
5361.45602733,10,95.1474759568
5361.45602733,12.5,94.5454453648
5361.45602733,15,93.9053778475
5361.45602733,17.5,93.2327818723
5361.45602733,20,92.6031253104
5361.45602733,22.5,92.1063963354
5361.45602733,25,91.6767335386
5361.45602733,27.5,91.0763015762
5361.45602733,30,90.1776954061
5361.45602733,32.5,89.0694853904
5361.45602733,35,87.9004440359
5361.45602733,37.5,86.9613876889
5361.45602733,40,86.500167295
5361.45602733,42.5,86.0228016518
5361.45602733,45,84.8854720163
5630.66052289,-45,85.8404669259
5630.66052289,-42.5,88.9192911286
5630.66052289,-40,90.3636120463
5630.66052289,-37.5,90.008176355
5630.66052289,-35,88.8110540999
5630.66052289,-32.5,88.8634808585
5630.66052289,-30,90.0029468778
5630.66052289,-27.5,90.9168561949
5630.66052289,-25,91.5167753553
5630.66052289,-22.5,92.0858774296
5630.66052289,-20,92.8158518676
5630.66052289,-17.5,93.7340843734
5630.66052289,-15,94.8663024483
5630.66052289,-12.5,96.1163371149
5630.66052289,-10,97.0855970299
5630.66052289,-7.5,97.3350141495
5630.66052289,-5,96.7636608313
5630.66052289,-2.5,95.8435749191
5630.66052289,0,95.4030127487
5630.66052289,2.5,95.8435749191
5630.66052289,5,96.7636608313
5630.66052289,7.5,97.3350141495
5630.66052289,10,97.0855970299
5630.66052289,12.5,96.1163371149
5630.66052289,15,94.8663024483
5630.66052289,17.5,93.7340843734
5630.66052289,20,92.8158518676
5630.66052289,22.5,92.0858774296
5630.66052289,25,91.5167753553
5630.66052289,27.5,90.9168561949
5630.66052289,30,90.0029468778
5630.66052289,32.5,88.8634808585
5630.66052289,35,88.8110540999
5630.66052289,37.5,90.008176355
5630.66052289,40,90.3636120463
5630.66052289,42.5,88.9192911286
5630.66052289,45,85.8404669259
5913.38206681,-45,79.8781918407
5913.38206681,-42.5,79.6815068797
5913.38206681,-40,80.3620111973
5913.38206681,-37.5,82.1238266443
5913.38206681,-35,84.6354955212
5913.38206681,-32.5,87.4251399647
5913.38206681,-30,89.6715947056
5913.38206681,-27.5,90.7449698534
5913.38206681,-25,90.9614897544
5913.38206681,-22.5,91.3713763958
5913.38206681,-20,92.4885142742
5913.38206681,-17.5,93.857140852
5913.38206681,-15,94.9104122925
5913.38206681,-12.5,95.4920594495
5913.38206681,-10,95.8008902628
5913.38206681,-7.5,96.0116776542
5913.38206681,-5,96.0878770028
5913.38206681,-2.5,96.0099278501
5913.38206681,0,95.943104494
5913.38206681,2.5,96.0099278501
5913.38206681,5,96.0878770028
5913.38206681,7.5,96.0116776542
5913.38206681,10,95.8008902628
5913.38206681,12.5,95.4920594495
5913.38206681,15,94.9104122925
5913.38206681,17.5,93.857140852
5913.38206681,20,92.4885142742
5913.38206681,22.5,91.3713763958
5913.38206681,25,90.9614897544
5913.38206681,27.5,90.7449698534
5913.38206681,30,89.6715947056
5913.38206681,32.5,87.4251399647
5913.38206681,35,84.6354955212
5913.38206681,37.5,82.1238266443
5913.38206681,40,80.3620111973
5913.38206681,42.5,79.6815068797
5913.38206681,45,79.8781918407
6210.29936469,-45,82.2287458142
6210.29936469,-42.5,83.5580193604
6210.29936469,-40,83.2483803984
6210.29936469,-37.5,83.7991789243
6210.29936469,-35,85.6978055924
6210.29936469,-32.5,87.3296137215
6210.29936469,-30,88.3954283925
6210.29936469,-27.5,89.5471462825
6210.29936469,-25,90.91984271
6210.29936469,-22.5,92.0675022394
6210.29936469,-20,92.8341356573
6210.29936469,-17.5,93.3630226702
6210.29936469,-15,93.7256281406
6210.29936469,-12.5,93.9364443832
6210.29936469,-10,94.1679962886
6210.29936469,-7.5,94.496336994
6210.29936469,-5,94.7530953236
6210.29936469,-2.5,94.8324835034
6210.29936469,0,94.8302299978
6210.29936469,2.5,94.8324835034
6210.29936469,5,94.7530953236
6210.29936469,7.5,94.496336994
6210.29936469,10,94.1679962886
6210.29936469,12.5,93.9364443832
6210.29936469,15,93.7256281406
6210.29936469,17.5,93.3630226702
6210.29936469,20,92.8341356573
6210.29936469,22.5,92.0675022394
6210.29936469,25,90.91984271
6210.29936469,27.5,89.5471462825
6210.29936469,30,88.3954283925
6210.29936469,32.5,87.3296137215
6210.29936469,35,85.6978055924
6210.29936469,37.5,83.7991789243
6210.29936469,40,83.2483803984
6210.29936469,42.5,83.5580193604
6210.29936469,45,82.2287458142
6522.12520066,-45,80.3240597749
6522.12520066,-42.5,78.9495494074
6522.12520066,-40,80.0926307423
6522.12520066,-37.5,80.3293456281
6522.12520066,-35,79.8058135378
6522.12520066,-32.5,78.6417531932
6522.12520066,-30,83.5503553872
6522.12520066,-27.5,87.9493706147
6522.12520066,-25,89.7166812184
6522.12520066,-22.5,90.3209165903
6522.12520066,-20,91.3632068566
6522.12520066,-17.5,92.9715490227
6522.12520066,-15,94.2075322562
6522.12520066,-12.5,94.5519233504
6522.12520066,-10,94.2256837027
6522.12520066,-7.5,94.136626192
6522.12520066,-5,94.9631288698
6522.12520066,-2.5,96.1157840943
6522.12520066,0,96.6249130478
6522.12520066,2.5,96.1157840943
6522.12520066,5,94.9631288698
6522.12520066,7.5,94.136626192
6522.12520066,10,94.2256837027
6522.12520066,12.5,94.5519233504
6522.12520066,15,94.2075322562
6522.12520066,17.5,92.9715490227
6522.12520066,20,91.3632068566
6522.12520066,22.5,90.3209165903
6522.12520066,25,89.7166812184
6522.12520066,27.5,87.9493706147
6522.12520066,30,83.5503553872
6522.12520066,32.5,78.6417531932
6522.12520066,35,79.8058135378
6522.12520066,37.5,80.3293456281
6522.12520066,40,80.0926307423
6522.12520066,42.5,78.9495494074
6522.12520066,45,80.3240597749
6849.60814851,-45,83.0753231759
6849.60814851,-42.5,81.6669465177
6849.60814851,-40,80.3954788565
6849.60814851,-37.5,80.8081712996
6849.60814851,-35,83.7288663182
6849.60814851,-32.5,85.704247575
6849.60814851,-30,86.4923167032
6849.60814851,-27.5,87.8070710428
6849.60814851,-25,89.3939469349
6849.60814851,-22.5,89.7678408121
6849.60814851,-20,88.9332699541
6849.60814851,-17.5,88.6051788283
6849.60814851,-15,90.124411856
6849.60814851,-12.5,92.2255769471
6849.60814851,-10,93.6973630738
6849.60814851,-7.5,94.6197656082
6849.60814851,-5,95.4439247149
6849.60814851,-2.5,96.203948974
6849.60814851,0,96.5305635844
6849.60814851,2.5,96.203948974
6849.60814851,5,95.4439247149
6849.60814851,7.5,94.6197656082
6849.60814851,10,93.6973630738
6849.60814851,12.5,92.2255769471
6849.60814851,15,90.124411856
6849.60814851,17.5,88.6051788283
6849.60814851,20,88.9332699541
6849.60814851,22.5,89.7678408121
6849.60814851,25,89.3939469349
6849.60814851,27.5,87.8070710428
6849.60814851,30,86.4923167032
6849.60814851,32.5,85.704247575
6849.60814851,35,83.7288663182
6849.60814851,37.5,80.8081712996
6849.60814851,40,80.3954788565
6849.60814851,42.5,81.6669465177
6849.60814851,45,83.0753231759
7193.53436873,-45,82.7937866749
7193.53436873,-42.5,84.2772427161
7193.53436873,-40,84.0420498219
7193.53436873,-37.5,81.0633191885
7193.53436873,-35,77.3548195937
7193.53436873,-32.5,80.0559789869
7193.53436873,-30,82.5421753912
7193.53436873,-27.5,83.0567282562
7193.53436873,-25,83.683488779
7193.53436873,-22.5,85.3687526821
7193.53436873,-20,87.8236268662
7193.53436873,-17.5,90.4717405117
7193.53436873,-15,92.3760714533
7193.53436873,-12.5,93.3385804379
7193.53436873,-10,93.7165570982
7193.53436873,-7.5,94.0816221926
7193.53436873,-5,94.8086552604
7193.53436873,-2.5,95.5918309905
7193.53436873,0,95.920714939
7193.53436873,2.5,95.5918309905
7193.53436873,5,94.8086552604
7193.53436873,7.5,94.0816221926
7193.53436873,10,93.7165570982
7193.53436873,12.5,93.3385804379
7193.53436873,15,92.3760714533
7193.53436873,17.5,90.4717405117
7193.53436873,20,87.8236268662
7193.53436873,22.5,85.3687526821
7193.53436873,25,83.683488779
7193.53436873,27.5,83.0567282562
7193.53436873,30,82.5421753912
7193.53436873,32.5,80.0559789869
7193.53436873,35,77.3548195937
7193.53436873,37.5,81.0633191885
7193.53436873,40,84.0420498219
7193.53436873,42.5,84.2772427161
7193.53436873,45,82.7937866749
7554.72949579,-45,75.6431666374
7554.72949579,-42.5,77.0686291012
7554.72949579,-40,81.0473326263
7554.72949579,-37.5,83.5825806087
7554.72949579,-35,84.5531885599
7554.72949579,-32.5,85.0799346838
7554.72949579,-30,85.5715374309
7554.72949579,-27.5,86.417395418
7554.72949579,-25,87.0696350134
7554.72949579,-22.5,86.3038143029
7554.72949579,-20,84.9150331925
7554.72949579,-17.5,86.1197001012
7554.72949579,-15,89.3322325248
7554.72949579,-12.5,91.5501441607
7554.72949579,-10,93.072844914
7554.72949579,-7.5,94.6132538661
7554.72949579,-5,95.4185068508
7554.72949579,-2.5,95.3705551317
7554.72949579,0,95.2278115486
7554.72949579,2.5,95.3705551317
7554.72949579,5,95.4185068508
7554.72949579,7.5,94.6132538661
7554.72949579,10,93.072844914
7554.72949579,12.5,91.5501441607
7554.72949579,15,89.3322325248
7554.72949579,17.5,86.1197001012
7554.72949579,20,84.9150331925
7554.72949579,22.5,86.3038143029
7554.72949579,25,87.0696350134
7554.72949579,27.5,86.417395418
7554.72949579,30,85.5715374309
7554.72949579,32.5,85.0799346838
7554.72949579,35,84.5531885599
7554.72949579,37.5,83.5825806087
7554.72949579,40,81.0473326263
7554.72949579,42.5,77.0686291012
7554.72949579,45,75.6431666374
7934.06062014,-45,83.0864668551
7934.06062014,-42.5,84.9627370039
7934.06062014,-40,84.943085389
7934.06062014,-37.5,85.0296912887
7934.06062014,-35,84.7050457433
7934.06062014,-32.5,83.7165262656
7934.06062014,-30,83.970599132
7934.06062014,-27.5,84.8332837767
7934.06062014,-25,84.4075401386
7934.06062014,-22.5,87.1880497105
7934.06062014,-20,90.7900370945
7934.06062014,-17.5,92.0303450166
7934.06062014,-15,92.0256619339
7934.06062014,-12.5,92.4133624521
7934.06062014,-10,93.4347168518
7934.06062014,-7.5,94.5326709707
7934.06062014,-5,95.4224224619
7934.06062014,-2.5,95.9982267077
7934.06062014,0,96.2009075232
7934.06062014,2.5,95.9982267077
7934.06062014,5,95.4224224619
7934.06062014,7.5,94.5326709707
7934.06062014,10,93.4347168518
7934.06062014,12.5,92.4133624521
7934.06062014,15,92.0256619339
7934.06062014,17.5,92.0303450166
7934.06062014,20,90.7900370945
7934.06062014,22.5,87.1880497105
7934.06062014,25,84.4075401386
7934.06062014,27.5,84.8332837767
7934.06062014,30,83.970599132
7934.06062014,32.5,83.7165262656
7934.06062014,35,84.7050457433
7934.06062014,37.5,85.0296912887
7934.06062014,40,84.943085389
7934.06062014,42.5,84.9627370039
7934.06062014,45,83.0864668551
8332.43836978,-45,83.6595653547
8332.43836978,-42.5,81.1530274761
8332.43836978,-40,81.3017848543
8332.43836978,-37.5,83.2092516211
8332.43836978,-35,84.5721936937
8332.43836978,-32.5,84.37730303
8332.43836978,-30,83.160384782
8332.43836978,-27.5,83.0009390996
8332.43836978,-25,84.7567293342
8332.43836978,-22.5,86.3827250254
8332.43836978,-20,87.9100787945
8332.43836978,-17.5,89.5427490114
8332.43836978,-15,90.8838654511
8332.43836978,-12.5,92.5875660413
8332.43836978,-10,94.4434610552
8332.43836978,-7.5,95.993901275
8332.43836978,-5,97.3242708612
8332.43836978,-2.5,98.34980227
8332.43836978,0,98.7429624344
8332.43836978,2.5,98.34980227
8332.43836978,5,97.3242708612
8332.43836978,7.5,95.993901275
8332.43836978,10,94.4434610552
8332.43836978,12.5,92.5875660413
8332.43836978,15,90.8838654511
8332.43836978,17.5,89.5427490114
8332.43836978,20,87.9100787945
8332.43836978,22.5,86.3827250254
8332.43836978,25,84.7567293342
8332.43836978,27.5,83.0009390996
8332.43836978,30,83.160384782
8332.43836978,32.5,84.37730303
8332.43836978,35,84.5721936937
8332.43836978,37.5,83.2092516211
8332.43836978,40,81.3017848543
8332.43836978,42.5,81.1530274761
8332.43836978,45,83.6595653547
8750.81909633,-45,90.77191471
8750.81909633,-42.5,89.6364185134
8750.81909633,-40,84.4302971385
8750.81909633,-37.5,85.0534222674
8750.81909633,-35,88.3039135449
8750.81909633,-32.5,85.6868920896
8750.81909633,-30,87.2736241064
8750.81909633,-27.5,91.2666765681
8750.81909633,-25,90.8743598358
8750.81909633,-22.5,90.2578596927
8750.81909633,-20,89.2948933935
8750.81909633,-17.5,89.1488848967
8750.81909633,-15,90.5945521109
8750.81909633,-12.5,91.2980852684
8750.81909633,-10,91.3377027015
8750.81909633,-7.5,93.0087912449
8750.81909633,-5,95.3947387863
8750.81909633,-2.5,98.1885598622
8750.81909633,0,99.537690558
8750.81909633,2.5,98.1885598622
8750.81909633,5,95.3947387863
8750.81909633,7.5,93.0087912449
8750.81909633,10,91.3377027015
8750.81909633,12.5,91.2980852684
8750.81909633,15,90.5945521109
8750.81909633,17.5,89.1488848967
8750.81909633,20,89.2948933935
8750.81909633,22.5,90.2578596927
8750.81909633,25,90.8743598358
8750.81909633,27.5,91.2666765681
8750.81909633,30,87.2736241064
8750.81909633,32.5,85.6868920896
8750.81909633,35,88.3039135449
8750.81909633,37.5,85.0534222674
8750.81909633,40,84.4302971385
8750.81909633,42.5,89.6364185134
8750.81909633,45,90.77191471
9190.20717086,-45,91.0109438933
9190.20717086,-42.5,88.7390423649
9190.20717086,-40,88.049618356
9190.20717086,-37.5,91.4070596268
9190.20717086,-35,93.660912961
9190.20717086,-32.5,93.3603134879
9190.20717086,-30,93.0258743291
9190.20717086,-27.5,93.5955212978
9190.20717086,-25,93.4243475483
9190.20717086,-22.5,94.4615963823
9190.20717086,-20,92.9040814947
9190.20717086,-17.5,89.4153344948
9190.20717086,-15,91.2881740944
9190.20717086,-12.5,95.1586433625
9190.20717086,-10,97.1150434128
9190.20717086,-7.5,97.7474632078
9190.20717086,-5,97.7373966868
9190.20717086,-2.5,97.6717344229
9190.20717086,0,97.6671963575
9190.20717086,2.5,97.6717344229
9190.20717086,5,97.7373966868
9190.20717086,7.5,97.7474632078
9190.20717086,10,97.1150434128
9190.20717086,12.5,95.1586433625
9190.20717086,15,91.2881740944
9190.20717086,17.5,89.4153344948
9190.20717086,20,92.9040814947
9190.20717086,22.5,94.4615963823
9190.20717086,25,93.4243475483
9190.20717086,27.5,93.5955212978
9190.20717086,30,93.0258743291
9190.20717086,32.5,93.3603134879
9190.20717086,35,93.660912961
9190.20717086,37.5,91.4070596268
9190.20717086,40,88.049618356
9190.20717086,42.5,88.7390423649
9190.20717086,45,91.0109438933
9651.65739499,-45,84.7353977936
9651.65739499,-42.5,89.8524336159
9651.65739499,-40,95.1128095133
9651.65739499,-37.5,95.9699597384
9651.65739499,-35,94.738237624
9651.65739499,-32.5,93.5510138383
9651.65739499,-30,92.675275491
9651.65739499,-27.5,93.2360934707
9651.65739499,-25,92.3466225182
9651.65739499,-22.5,92.7519106342
9651.65739499,-20,94.9246909143
9651.65739499,-17.5,94.7144661379
9651.65739499,-15,95.6530244811
9651.65739499,-12.5,97.6730766569
9651.65739499,-10,94.5144005678
9651.65739499,-7.5,91.6844140712
9651.65739499,-5,95.624809753
9651.65739499,-2.5,96.0535232201
9651.65739499,0,94.4908667597
9651.65739499,2.5,96.0535232201
9651.65739499,5,95.624809753
9651.65739499,7.5,91.6844140712
9651.65739499,10,94.5144005678
9651.65739499,12.5,97.6730766569
9651.65739499,15,95.6530244811
9651.65739499,17.5,94.7144661379
9651.65739499,20,94.9246909143
9651.65739499,22.5,92.7519106342
9651.65739499,25,92.3466225182
9651.65739499,27.5,93.2360934707
9651.65739499,30,92.675275491
9651.65739499,32.5,93.5510138383
9651.65739499,35,94.738237624
9651.65739499,37.5,95.9699597384
9651.65739499,40,95.1128095133
9651.65739499,42.5,89.8524336159
9651.65739499,45,84.7353977936
10136.2775331,-45,90.1090251393
10136.2775331,-42.5,93.677142751
10136.2775331,-40,93.8416015322
10136.2775331,-37.5,91.7433613051
10136.2775331,-35,95.4708528293
10136.2775331,-32.5,98.8240158875
10136.2775331,-30,98.5669972157
10136.2775331,-27.5,98.6530950568
10136.2775331,-25,95.463987828
10136.2775331,-22.5,88.7026020428
10136.2775331,-20,84.5774122616
10136.2775331,-17.5,77.7502631255
10136.2775331,-15,80.3946073447
10136.2775331,-12.5,90.8570332583
10136.2775331,-10,97.1729177741
10136.2775331,-7.5,99.6447387066
10136.2775331,-5,99.5921015291
10136.2775331,-2.5,99.3676553294
10136.2775331,0,99.4628834255
10136.2775331,2.5,99.3676553294
10136.2775331,5,99.5921015291
10136.2775331,7.5,99.6447387066
10136.2775331,10,97.1729177741
10136.2775331,12.5,90.8570332583
10136.2775331,15,80.3946073447
10136.2775331,17.5,77.7502631255
10136.2775331,20,84.5774122616
10136.2775331,22.5,88.7026020428
10136.2775331,25,95.463987828
10136.2775331,27.5,98.6530950568
10136.2775331,30,98.5669972157
10136.2775331,32.5,98.8240158875
10136.2775331,35,95.4708528293
10136.2775331,37.5,91.7433613051
10136.2775331,40,93.8416015322
10136.2775331,42.5,93.677142751
10136.2775331,45,90.1090251393
10645.2309715,-45,92.4035955081
10645.2309715,-42.5,91.7973830338
10645.2309715,-40,92.7731268073
10645.2309715,-37.5,93.5494896379
10645.2309715,-35,93.066181931
10645.2309715,-32.5,95.4469261984
10645.2309715,-30,93.8904492284
10645.2309715,-27.5,90.3743833951
10645.2309715,-25,88.8254088945
10645.2309715,-22.5,88.6716165702
10645.2309715,-20,92.070762944
10645.2309715,-17.5,92.8357754097
10645.2309715,-15,93.4226121312
10645.2309715,-12.5,94.1160568859
10645.2309715,-10,90.4185985839
10645.2309715,-7.5,92.1971574935
10645.2309715,-5,98.0823158474
10645.2309715,-2.5,99.7171957086
10645.2309715,0,99.264727376
10645.2309715,2.5,99.7171957086
10645.2309715,5,98.0823158474
10645.2309715,7.5,92.1971574935
10645.2309715,10,90.4185985839
10645.2309715,12.5,94.1160568859
10645.2309715,15,93.4226121312
10645.2309715,17.5,92.8357754097
10645.2309715,20,92.070762944
10645.2309715,22.5,88.6716165702
10645.2309715,25,88.8254088945
10645.2309715,27.5,90.3743833951
10645.2309715,30,93.8904492284
10645.2309715,32.5,95.4469261984
10645.2309715,35,93.066181931
10645.2309715,37.5,93.5494896379
10645.2309715,40,92.7731268073
10645.2309715,42.5,91.7973830338
10645.2309715,45,92.4035955081
11179.7395116,-45,91.4352711513
11179.7395116,-42.5,92.1896856266
11179.7395116,-40,92.5196833499
11179.7395116,-37.5,88.9586152684
11179.7395116,-35,90.0787406317
11179.7395116,-32.5,89.2442720567
11179.7395116,-30,93.2970357629
11179.7395116,-27.5,94.661182544
11179.7395116,-25,94.2584746068
11179.7395116,-22.5,96.1185016326
11179.7395116,-20,94.8871047477
11179.7395116,-17.5,93.9056289156
11179.7395116,-15,94.6162594509
11179.7395116,-12.5,94.3120143838
11179.7395116,-10,93.903268611
11179.7395116,-7.5,96.0735420081
11179.7395116,-5,98.0840266762
11179.7395116,-2.5,97.814193977
11179.7395116,0,97.5757931712
11179.7395116,2.5,97.814193977
11179.7395116,5,98.0840266762
11179.7395116,7.5,96.0735420081
11179.7395116,10,93.903268611
11179.7395116,12.5,94.3120143838
11179.7395116,15,94.6162594509
11179.7395116,17.5,93.9056289156
11179.7395116,20,94.8871047477
11179.7395116,22.5,96.1185016326
11179.7395116,25,94.2584746068
11179.7395116,27.5,94.661182544
11179.7395116,30,93.2970357629
11179.7395116,32.5,89.2442720567
11179.7395116,35,90.0787406317
11179.7395116,37.5,88.9586152684
11179.7395116,40,92.5196833499
11179.7395116,42.5,92.1896856266
11179.7395116,45,91.4352711513
11741.0863025,-45,87.163513555
11741.0863025,-42.5,90.014611752
11741.0863025,-40,93.6494131821
11741.0863025,-37.5,92.4809543368
11741.0863025,-35,88.5798330705
11741.0863025,-32.5,88.5257003623
11741.0863025,-30,90.9876436169
11741.0863025,-27.5,95.8843421219
11741.0863025,-25,96.9498397184
11741.0863025,-22.5,94.6099192364
11741.0863025,-20,95.0362369576
11741.0863025,-17.5,95.0188877788
11741.0863025,-15,90.3853121144
11741.0863025,-12.5,88.5665797125
11741.0863025,-10,92.9249559854
11741.0863025,-7.5,93.8619876785
11741.0863025,-5,95.6142171576
11741.0863025,-2.5,97.5566292379
11741.0863025,0,98.6109902017
11741.0863025,2.5,97.5566292379
11741.0863025,5,95.6142171576
11741.0863025,7.5,93.8619876785
11741.0863025,10,92.9249559854
11741.0863025,12.5,88.5665797125
11741.0863025,15,90.3853121144
11741.0863025,17.5,95.0188877788
11741.0863025,20,95.0362369576
11741.0863025,22.5,94.6099192364
11741.0863025,25,96.9498397184
11741.0863025,27.5,95.8843421219
11741.0863025,30,90.9876436169
11741.0863025,32.5,88.5257003623
11741.0863025,35,88.5798330705
11741.0863025,37.5,92.4809543368
11741.0863025,40,93.6494131821
11741.0863025,42.5,90.014611752
11741.0863025,45,87.163513555
12330.6189219,-45,84.6947716368
12330.6189219,-42.5,88.1515032659
12330.6189219,-40,91.7418145232
12330.6189219,-37.5,91.9862393153
12330.6189219,-35,90.1215653548
12330.6189219,-32.5,90.8831107911
12330.6189219,-30,92.5752166605
12330.6189219,-27.5,95.1358425385
12330.6189219,-25,95.4408641785
12330.6189219,-22.5,96.8384704684
12330.6189219,-20,97.0050954185
12330.6189219,-17.5,96.5439999018
12330.6189219,-15,92.6770483542
12330.6189219,-12.5,86.8015060592
12330.6189219,-10,88.6700099091
12330.6189219,-7.5,86.2713513522
12330.6189219,-5,93.9924148308
12330.6189219,-2.5,95.524362193
12330.6189219,0,97.0081550788
12330.6189219,2.5,95.524362193
12330.6189219,5,93.9924148308
12330.6189219,7.5,86.2713513522
12330.6189219,10,88.6700099091
12330.6189219,12.5,86.8015060592
12330.6189219,15,92.6770483542
12330.6189219,17.5,96.5439999018
12330.6189219,20,97.0050954185
12330.6189219,22.5,96.8384704684
12330.6189219,25,95.4408641785
12330.6189219,27.5,95.1358425385
12330.6189219,30,92.5752166605
12330.6189219,32.5,90.8831107911
12330.6189219,35,90.1215653548
12330.6189219,37.5,91.9862393153
12330.6189219,40,91.7418145232
12330.6189219,42.5,88.1515032659
12330.6189219,45,84.6947716368
12949.7526105,-45,88.4903074973
12949.7526105,-42.5,81.3730788066
12949.7526105,-40,91.5890242695
12949.7526105,-37.5,93.2627089531
12949.7526105,-35,94.4718149571
12949.7526105,-32.5,96.1665629207
12949.7526105,-30,97.5131788035
12949.7526105,-27.5,95.3666043277
12949.7526105,-25,96.7594264292
12949.7526105,-22.5,94.5537724918
12949.7526105,-20,95.4922216991
12949.7526105,-17.5,95.3758587517
12949.7526105,-15,90.3007086214
12949.7526105,-12.5,94.1942997782
12949.7526105,-10,98.6220014784
12949.7526105,-7.5,96.7863017235
12949.7526105,-5,94.5590531868
12949.7526105,-2.5,92.5624633773
12949.7526105,0,94.6884752713
12949.7526105,2.5,92.5624633773
12949.7526105,5,94.5590531868
12949.7526105,7.5,96.7863017235
12949.7526105,10,98.6220014784
12949.7526105,12.5,94.1942997782
12949.7526105,15,90.3007086214
12949.7526105,17.5,95.3758587517
12949.7526105,20,95.4922216991
12949.7526105,22.5,94.5537724918
12949.7526105,25,96.7594264292
12949.7526105,27.5,95.3666043277
12949.7526105,30,97.5131788035
12949.7526105,32.5,96.1665629207
12949.7526105,35,94.4718149571
12949.7526105,37.5,93.2627089531
12949.7526105,40,91.5890242695
12949.7526105,42.5,81.3730788066
12949.7526105,45,88.4903074973
13599.9736701,-45,86.2977818887
13599.9736701,-42.5,92.8949982549
13599.9736701,-40,91.9557904137
13599.9736701,-37.5,96.2658992769
13599.9736701,-35,96.754967105
13599.9736701,-32.5,99.3643653326
13599.9736701,-30,94.9214389816
13599.9736701,-27.5,96.341341171
13599.9736701,-25,95.5145002155
13599.9736701,-22.5,98.3881377949
13599.9736701,-20,99.7495110556
13599.9736701,-17.5,97.8764051801
13599.9736701,-15,88.5353286216
13599.9736701,-12.5,91.3846658229
13599.9736701,-10,88.363347687
13599.9736701,-7.5,92.694477907
13599.9736701,-5,96.5236671559
13599.9736701,-2.5,96.3038781575
13599.9736701,0,99.5324951498
13599.9736701,2.5,96.3038781575
13599.9736701,5,96.5236671559
13599.9736701,7.5,92.694477907
13599.9736701,10,88.363347687
13599.9736701,12.5,91.3846658229
13599.9736701,15,88.5353286216
13599.9736701,17.5,97.8764051801
13599.9736701,20,99.7495110556
13599.9736701,22.5,98.3881377949
13599.9736701,25,95.5145002155
13599.9736701,27.5,96.341341171
13599.9736701,30,94.9214389816
13599.9736701,32.5,99.3643653326
13599.9736701,35,96.754967105
13599.9736701,37.5,96.2658992769
13599.9736701,40,91.9557904137
13599.9736701,42.5,92.8949982549
13599.9736701,45,86.2977818887
14282.8430311,-45,84.9786255711
14282.8430311,-42.5,85.8766336711
14282.8430311,-40,92.0738827829
14282.8430311,-37.5,93.3993813932
14282.8430311,-35,96.2352247552
14282.8430311,-32.5,93.8589937581
14282.8430311,-30,95.3996184312
14282.8430311,-27.5,96.2895521988
14282.8430311,-25,96.0734761847
14282.8430311,-22.5,97.058984044
14282.8430311,-20,96.7534319061
14282.8430311,-17.5,94.9637778968
14282.8430311,-15,95.399464846
14282.8430311,-12.5,99.1082752558
14282.8430311,-10,96.4149950632
14282.8430311,-7.5,96.5679461412
14282.8430311,-5,97.3151572646
14282.8430311,-2.5,93.9035602927
14282.8430311,0,94.9648896409
14282.8430311,2.5,93.9035602927
14282.8430311,5,97.3151572646
14282.8430311,7.5,96.5679461412
14282.8430311,10,96.4149950632
14282.8430311,12.5,99.1082752558
14282.8430311,15,95.399464846
14282.8430311,17.5,94.9637778968
14282.8430311,20,96.7534319061
14282.8430311,22.5,97.058984044
14282.8430311,25,96.0734761847
14282.8430311,27.5,96.2895521988
14282.8430311,30,95.3996184312
14282.8430311,32.5,93.8589937581
14282.8430311,35,96.2352247552
14282.8430311,37.5,93.3993813932
14282.8430311,40,92.0738827829
14282.8430311,42.5,85.8766336711
14282.8430311,45,84.9786255711
15000,-45,75.1698593728
15000,-42.5,87.2080585297
15000,-40,91.027376309
15000,-37.5,93.2450727799
15000,-35,94.5716244095
15000,-32.5,94.6992796286
15000,-30,94.4582126149
15000,-27.5,95.20856657
15000,-25,96.7832474625
15000,-22.5,98.6477922621
15000,-20,97.8188335751
15000,-17.5,96.9293412466
15000,-15,95.7645900046
15000,-12.5,97.5696065027
15000,-10,99.0822186635
15000,-7.5,97.502265682
15000,-5,99.1776922882
15000,-2.5,98.6030312158
15000,0,100.481260137
15000,2.5,98.6030312158
15000,5,99.1776922882
15000,7.5,97.502265682
15000,10,99.0822186635
15000,12.5,97.5696065027
15000,15,95.7645900046
15000,17.5,96.9293412466
15000,20,97.8188335751
15000,22.5,98.6477922621
15000,25,96.7832474625
15000,27.5,95.20856657
15000,30,94.4582126149
15000,32.5,94.6992796286
15000,35,94.5716244095
15000,37.5,93.2450727799
15000,40,91.027376309
15000,42.5,87.2080585297
15000,45,75.1698593728
